Designator,MidX,MidY,Layer,Rotation
C1,14.700mm,9.200mm,Top,90
C2,14.200mm,11.800mm,Top,0
C3,60.500mm,4.600mm,Top,270
C4,61.000mm,2.000mm,Top,180
C5,14.400mm,4.800mm,Top,90
C6,12.300mm,4.800mm,Top,90
C7,60.800mm,9.000mm,Top,270
C8,62.900mm,9.000mm,Top,270
C9,33.700mm,8.100mm,Top,270
C10,31.700mm,11.100mm,Top,90
C11,46.000mm,5.200mm,Top,0
C12,41.300mm,8.100mm,Top,270
C13,29.000mm,6.500mm,Top,0
C14,44.500mm,10.600mm,Top,90
IC1,37.500mm,11.200mm,Top,90
J1,37.500mm,3.000mm,Top,0
JP4,25.000mm,2.500mm,Top,270
JP5,28.100mm,2.500mm,Top,180
JP6,50.200mm,11.300mm,Top,90
JP7,47.100mm,11.300mm,Top,0
L1,16.100mm,4.800mm,Top,90
L2,59.000mm,9.000mm,Top,270
Q1,29.200mm,11.100mm,Top,0
Q2,46.000mm,2.700mm,Top,180
R1,12.500mm,9.800mm,Top,0
R2,12.500mm,8.600mm,Top,0
R3,62.700mm,4.000mm,Top,180
R4,62.700mm,5.200mm,Top,180
R5,23.700mm,12.400mm,Top,0
R6,21.600mm,12.400mm,Top,0
R7,51.500mm,1.400mm,Top,180
R8,53.600mm,1.400mm,Top,180
R9,29.100mm,4.400mm,Top,270
R10,46.100mm,9.400mm,Top,90
U$1,13.000mm,1.500mm,Top,0
U$2,62.000mm,12.500mm,Top,0
U1,22.000mm,8.400mm,Top,180
U2,53.200mm,5.400mm,Top,0
Y1,20.700mm,2.900mm,Top,180
Y2,54.500mm,10.900mm,Top,0
